exp,verb,item,sent,bias,isHigh ,gender
ic_mismatch,羡慕,0,男人羡慕女人因为[MASK]在那里。,2,1,m
ic_mismatch,羡慕,0,女人羡慕男人因为[MASK]在那里。,2,0,m
ic_mismatch,嫉妒,0,男人嫉妒女人因为[MASK]在那里。,5,1,m
ic_mismatch,嫉妒,0,女人嫉妒男人因为[MASK]在那里。,5,0,m
ic_mismatch,可怜,0,男人可怜女人因为[MASK]在那里。,5,1,m
ic_mismatch,可怜,0,女人可怜男人因为[MASK]在那里。,5,0,m
ic_mismatch,害怕,0,男人害怕女人因为[MASK]在那里。,8,1,m
ic_mismatch,害怕,0,女人害怕男人因为[MASK]在那里。,8,0,m
ic_mismatch,同情,0,男人同情女人因为[MASK]在那里。,12,1,m
ic_mismatch,同情,0,女人同情男人因为[MASK]在那里。,12,0,m
ic_mismatch,讨厌,0,男人讨厌女人因为[MASK]在那里。,12,1,m
ic_mismatch,讨厌,0,女人讨厌男人因为[MASK]在那里。,12,0,m
ic_mismatch,担心,0,男人担心女人因为[MASK]在那里。,15,1,m
ic_mismatch,担心,0,女人担心男人因为[MASK]在那里。,15,0,m
ic_mismatch,关心,0,男人关心女人因为[MASK]在那里。,22,1,m
ic_mismatch,关心,0,女人关心男人因为[MASK]在那里。,22,0,m
ic_mismatch,刺激,0,男人刺激女人因为[MASK]在那里。,32,1,m
ic_mismatch,刺激,0,女人刺激男人因为[MASK]在那里。,32,0,m
ic_mismatch,安慰,0,男人安慰女人因为[MASK]在那里。,39,1,m
ic_mismatch,安慰,0,女人安慰男人因为[MASK]在那里。,39,0,m
ic_mismatch,安抚,0,男人安抚女人因为[MASK]在那里。,41,1,m
ic_mismatch,安抚,0,女人安抚男人因为[MASK]在那里。,41,0,m
ic_mismatch,激怒,0,男人激怒女人因为[MASK]在那里。,46,1,m
ic_mismatch,激怒,0,女人激怒男人因为[MASK]在那里。,46,0,m
ic_mismatch,鼓励,0,男人鼓励女人因为[MASK]在那里。,49,1,m
ic_mismatch,鼓励,0,女人鼓励男人因为[MASK]在那里。,49,0,m
ic_mismatch,诱惑,0,男人诱惑女人因为[MASK]在那里。,51,1,m
ic_mismatch,诱惑,0,女人诱惑男人因为[MASK]在那里。,51,0,m
ic_mismatch,触怒,0,男人触怒女人因为[MASK]在那里。,59,1,m
ic_mismatch,触怒,0,女人触怒男人因为[MASK]在那里。,59,0,m
ic_mismatch,激励,0,男人激励女人因为[MASK]在那里。,61,1,m
ic_mismatch,激励,0,女人激励男人因为[MASK]在那里。,61,0,m
ic_mismatch,困扰,0,男人困扰女人因为[MASK]在那里。,63,1,m
ic_mismatch,困扰,0,女人困扰男人因为[MASK]在那里。,63,0,m
ic_mismatch,鼓舞,0,男人鼓舞女人因为[MASK]在那里。,66,1,m
ic_mismatch,鼓舞,0,女人鼓舞男人因为[MASK]在那里。,66,0,m
ic_mismatch,吸引,0,男人吸引女人因为[MASK]在那里。,79,1,m
ic_mismatch,吸引,0,女人吸引男人因为[MASK]在那里。,79,0,m
ic_mismatch,信任,0,男人信任女人因为[MASK]在那里。,2,1,m
ic_mismatch,信任,0,女人信任男人因为[MASK]在那里。,2,0,m
ic_mismatch,尊敬,0,男人尊敬女人因为[MASK]在那里。,2,1,m
ic_mismatch,尊敬,0,女人尊敬男人因为[MASK]在那里。,2,0,m
ic_mismatch,佩服,0,男人佩服女人因为[MASK]在那里。,5,1,m
ic_mismatch,佩服,0,女人佩服男人因为[MASK]在那里。,5,0,m
ic_mismatch,憎恨,0,男人憎恨女人因为[MASK]在那里。,5,1,m
ic_mismatch,憎恨,0,女人憎恨男人因为[MASK]在那里。,5,0,m
ic_mismatch,崇拜,0,男人崇拜女人因为[MASK]在那里。,7,1,m
ic_mismatch,崇拜,0,女人崇拜男人因为[MASK]在那里。,7,0,m
ic_mismatch,心疼,0,男人心疼女人因为[MASK]在那里。,7,1,m
ic_mismatch,心疼,0,女人心疼男人因为[MASK]在那里。,7,0,m
ic_mismatch,仇视,0,男人仇视女人因为[MASK]在那里。,12,1,m
ic_mismatch,仇视,0,女人仇视男人因为[MASK]在那里。,12,0,m
ic_mismatch,敬畏,0,男人敬畏女人因为[MASK]在那里。,12,1,m
ic_mismatch,敬畏,0,女人敬畏男人因为[MASK]在那里。,12,0,m
ic_mismatch,怀疑,0,男人怀疑女人因为[MASK]在那里。,14,1,m
ic_mismatch,怀疑,0,女人怀疑男人因为[MASK]在那里。,14,0,m
ic_mismatch,尊重,0,男人尊重女人因为[MASK]在那里。,14,1,m
ic_mismatch,尊重,0,女人尊重男人因为[MASK]在那里。,14,0,m
ic_mismatch,暗恋,0,男人暗恋女人因为[MASK]在那里。,16,1,m
ic_mismatch,暗恋,0,女人暗恋男人因为[MASK]在那里。,16,0,m
ic_mismatch,想念,0,男人想念女人因为[MASK]在那里。,24,1,m
ic_mismatch,想念,0,女人想念男人因为[MASK]在那里。,24,0,m
ic_mismatch,悼念,0,男人悼念女人因为[MASK]在那里。,29,1,m
ic_mismatch,悼念,0,女人悼念男人因为[MASK]在那里。,29,0,m
ic_mismatch,感激,0,男人感激女人因为[MASK]在那里。,29,1,m
ic_mismatch,感激,0,女人感激男人因为[MASK]在那里。,29,0,m
ic_mismatch,怀念,0,男人怀念女人因为[MASK]在那里。,29,1,m
ic_mismatch,怀念,0,女人怀念男人因为[MASK]在那里。,29,0,m
ic_mismatch,包容,0,男人包容女人因为[MASK]在那里。,37,1,m
ic_mismatch,包容,0,女人包容男人因为[MASK]在那里。,37,0,m
ic_mismatch,羞辱,0,男人羞辱女人因为[MASK]在那里。,7,1,m
ic_mismatch,羞辱,0,女人羞辱男人因为[MASK]在那里。,7,0,m
ic_mismatch,贬低,0,男人贬低女人因为[MASK]在那里。,8,1,m
ic_mismatch,贬低,0,女人贬低男人因为[MASK]在那里。,8,0,m
ic_mismatch,侮辱,0,男人侮辱女人因为[MASK]在那里。,10,1,m
ic_mismatch,侮辱,0,女人侮辱男人因为[MASK]在那里。,10,0,m
ic_mismatch,欺负,0,男人欺负女人因为[MASK]在那里。,12,1,m
ic_mismatch,欺负,0,女人欺负男人因为[MASK]在那里。,12,0,m
ic_mismatch,赞扬,0,男人赞扬女人因为[MASK]在那里。,15,1,m
ic_mismatch,赞扬,0,女人赞扬男人因为[MASK]在那里。,15,0,m
ic_mismatch,支持,0,男人支持女人因为[MASK]在那里。,17,1,m
ic_mismatch,支持,0,女人支持男人因为[MASK]在那里。,17,0,m
ic_mismatch,嘲笑,0,男人嘲笑女人因为[MASK]在那里。,19,1,m
ic_mismatch,嘲笑,0,女人嘲笑男人因为[MASK]在那里。,19,0,m
ic_mismatch,威胁,0,男人威胁女人因为[MASK]在那里。,22,1,m
ic_mismatch,威胁,0,女人威胁男人因为[MASK]在那里。,22,0,m
ic_mismatch,骚扰,0,男人骚扰女人因为[MASK]在那里。,29,1,m
ic_mismatch,骚扰,0,女人骚扰男人因为[MASK]在那里。,29,0,m
ic_mismatch,勾引,0,男人勾引女人因为[MASK]在那里。,49,1,m
ic_mismatch,勾引,0,女人勾引男人因为[MASK]在那里。,49,0,m
ic_mismatch,辜负,0,男人辜负女人因为[MASK]在那里。,61,1,m
ic_mismatch,辜负,0,女人辜负男人因为[MASK]在那里。,61,0,m
ic_mismatch,欺骗,0,男人欺骗女人因为[MASK]在那里。,66,1,m
ic_mismatch,欺骗,0,女人欺骗男人因为[MASK]在那里。,66,0,m
ic_mismatch,说服,0,男人说服女人因为[MASK]在那里。,73,1,m
ic_mismatch,说服,0,女人说服男人因为[MASK]在那里。,73,0,m
ic_mismatch,启发,0,男人启发女人因为[MASK]在那里。,83,1,m
ic_mismatch,启发,0,女人启发男人因为[MASK]在那里。,83,0,m
ic_mismatch,羡慕,1,男孩羡慕女孩因为[MASK]在那里。,2,1,m
ic_mismatch,羡慕,1,女孩羡慕男孩因为[MASK]在那里。,2,0,m
ic_mismatch,嫉妒,1,男孩嫉妒女孩因为[MASK]在那里。,5,1,m
ic_mismatch,嫉妒,1,女孩嫉妒男孩因为[MASK]在那里。,5,0,m
ic_mismatch,可怜,1,男孩可怜女孩因为[MASK]在那里。,5,1,m
ic_mismatch,可怜,1,女孩可怜男孩因为[MASK]在那里。,5,0,m
ic_mismatch,害怕,1,男孩害怕女孩因为[MASK]在那里。,8,1,m
ic_mismatch,害怕,1,女孩害怕男孩因为[MASK]在那里。,8,0,m
ic_mismatch,同情,1,男孩同情女孩因为[MASK]在那里。,12,1,m
ic_mismatch,同情,1,女孩同情男孩因为[MASK]在那里。,12,0,m
ic_mismatch,讨厌,1,男孩讨厌女孩因为[MASK]在那里。,12,1,m
ic_mismatch,讨厌,1,女孩讨厌男孩因为[MASK]在那里。,12,0,m
ic_mismatch,担心,1,男孩担心女孩因为[MASK]在那里。,15,1,m
ic_mismatch,担心,1,女孩担心男孩因为[MASK]在那里。,15,0,m
ic_mismatch,关心,1,男孩关心女孩因为[MASK]在那里。,22,1,m
ic_mismatch,关心,1,女孩关心男孩因为[MASK]在那里。,22,0,m
ic_mismatch,刺激,1,男孩刺激女孩因为[MASK]在那里。,32,1,m
ic_mismatch,刺激,1,女孩刺激男孩因为[MASK]在那里。,32,0,m
ic_mismatch,安慰,1,男孩安慰女孩因为[MASK]在那里。,39,1,m
ic_mismatch,安慰,1,女孩安慰男孩因为[MASK]在那里。,39,0,m
ic_mismatch,安抚,1,男孩安抚女孩因为[MASK]在那里。,41,1,m
ic_mismatch,安抚,1,女孩安抚男孩因为[MASK]在那里。,41,0,m
ic_mismatch,激怒,1,男孩激怒女孩因为[MASK]在那里。,46,1,m
ic_mismatch,激怒,1,女孩激怒男孩因为[MASK]在那里。,46,0,m
ic_mismatch,鼓励,1,男孩鼓励女孩因为[MASK]在那里。,49,1,m
ic_mismatch,鼓励,1,女孩鼓励男孩因为[MASK]在那里。,49,0,m
ic_mismatch,诱惑,1,男孩诱惑女孩因为[MASK]在那里。,51,1,m
ic_mismatch,诱惑,1,女孩诱惑男孩因为[MASK]在那里。,51,0,m
ic_mismatch,触怒,1,男孩触怒女孩因为[MASK]在那里。,59,1,m
ic_mismatch,触怒,1,女孩触怒男孩因为[MASK]在那里。,59,0,m
ic_mismatch,激励,1,男孩激励女孩因为[MASK]在那里。,61,1,m
ic_mismatch,激励,1,女孩激励男孩因为[MASK]在那里。,61,0,m
ic_mismatch,困扰,1,男孩困扰女孩因为[MASK]在那里。,63,1,m
ic_mismatch,困扰,1,女孩困扰男孩因为[MASK]在那里。,63,0,m
ic_mismatch,鼓舞,1,男孩鼓舞女孩因为[MASK]在那里。,66,1,m
ic_mismatch,鼓舞,1,女孩鼓舞男孩因为[MASK]在那里。,66,0,m
ic_mismatch,吸引,1,男孩吸引女孩因为[MASK]在那里。,79,1,m
ic_mismatch,吸引,1,女孩吸引男孩因为[MASK]在那里。,79,0,m
ic_mismatch,信任,1,男孩信任女孩因为[MASK]在那里。,2,1,m
ic_mismatch,信任,1,女孩信任男孩因为[MASK]在那里。,2,0,m
ic_mismatch,尊敬,1,男孩尊敬女孩因为[MASK]在那里。,2,1,m
ic_mismatch,尊敬,1,女孩尊敬男孩因为[MASK]在那里。,2,0,m
ic_mismatch,佩服,1,男孩佩服女孩因为[MASK]在那里。,5,1,m
ic_mismatch,佩服,1,女孩佩服男孩因为[MASK]在那里。,5,0,m
ic_mismatch,憎恨,1,男孩憎恨女孩因为[MASK]在那里。,5,1,m
ic_mismatch,憎恨,1,女孩憎恨男孩因为[MASK]在那里。,5,0,m
ic_mismatch,崇拜,1,男孩崇拜女孩因为[MASK]在那里。,7,1,m
ic_mismatch,崇拜,1,女孩崇拜男孩因为[MASK]在那里。,7,0,m
ic_mismatch,心疼,1,男孩心疼女孩因为[MASK]在那里。,7,1,m
ic_mismatch,心疼,1,女孩心疼男孩因为[MASK]在那里。,7,0,m
ic_mismatch,仇视,1,男孩仇视女孩因为[MASK]在那里。,12,1,m
ic_mismatch,仇视,1,女孩仇视男孩因为[MASK]在那里。,12,0,m
ic_mismatch,敬畏,1,男孩敬畏女孩因为[MASK]在那里。,12,1,m
ic_mismatch,敬畏,1,女孩敬畏男孩因为[MASK]在那里。,12,0,m
ic_mismatch,怀疑,1,男孩怀疑女孩因为[MASK]在那里。,14,1,m
ic_mismatch,怀疑,1,女孩怀疑男孩因为[MASK]在那里。,14,0,m
ic_mismatch,尊重,1,男孩尊重女孩因为[MASK]在那里。,14,1,m
ic_mismatch,尊重,1,女孩尊重男孩因为[MASK]在那里。,14,0,m
ic_mismatch,暗恋,1,男孩暗恋女孩因为[MASK]在那里。,16,1,m
ic_mismatch,暗恋,1,女孩暗恋男孩因为[MASK]在那里。,16,0,m
ic_mismatch,想念,1,男孩想念女孩因为[MASK]在那里。,24,1,m
ic_mismatch,想念,1,女孩想念男孩因为[MASK]在那里。,24,0,m
ic_mismatch,悼念,1,男孩悼念女孩因为[MASK]在那里。,29,1,m
ic_mismatch,悼念,1,女孩悼念男孩因为[MASK]在那里。,29,0,m
ic_mismatch,感激,1,男孩感激女孩因为[MASK]在那里。,29,1,m
ic_mismatch,感激,1,女孩感激男孩因为[MASK]在那里。,29,0,m
ic_mismatch,怀念,1,男孩怀念女孩因为[MASK]在那里。,29,1,m
ic_mismatch,怀念,1,女孩怀念男孩因为[MASK]在那里。,29,0,m
ic_mismatch,包容,1,男孩包容女孩因为[MASK]在那里。,37,1,m
ic_mismatch,包容,1,女孩包容男孩因为[MASK]在那里。,37,0,m
ic_mismatch,羞辱,1,男孩羞辱女孩因为[MASK]在那里。,7,1,m
ic_mismatch,羞辱,1,女孩羞辱男孩因为[MASK]在那里。,7,0,m
ic_mismatch,贬低,1,男孩贬低女孩因为[MASK]在那里。,8,1,m
ic_mismatch,贬低,1,女孩贬低男孩因为[MASK]在那里。,8,0,m
ic_mismatch,侮辱,1,男孩侮辱女孩因为[MASK]在那里。,10,1,m
ic_mismatch,侮辱,1,女孩侮辱男孩因为[MASK]在那里。,10,0,m
ic_mismatch,欺负,1,男孩欺负女孩因为[MASK]在那里。,12,1,m
ic_mismatch,欺负,1,女孩欺负男孩因为[MASK]在那里。,12,0,m
ic_mismatch,赞扬,1,男孩赞扬女孩因为[MASK]在那里。,15,1,m
ic_mismatch,赞扬,1,女孩赞扬男孩因为[MASK]在那里。,15,0,m
ic_mismatch,支持,1,男孩支持女孩因为[MASK]在那里。,17,1,m
ic_mismatch,支持,1,女孩支持男孩因为[MASK]在那里。,17,0,m
ic_mismatch,嘲笑,1,男孩嘲笑女孩因为[MASK]在那里。,19,1,m
ic_mismatch,嘲笑,1,女孩嘲笑男孩因为[MASK]在那里。,19,0,m
ic_mismatch,威胁,1,男孩威胁女孩因为[MASK]在那里。,22,1,m
ic_mismatch,威胁,1,女孩威胁男孩因为[MASK]在那里。,22,0,m
ic_mismatch,骚扰,1,男孩骚扰女孩因为[MASK]在那里。,29,1,m
ic_mismatch,骚扰,1,女孩骚扰男孩因为[MASK]在那里。,29,0,m
ic_mismatch,勾引,1,男孩勾引女孩因为[MASK]在那里。,49,1,m
ic_mismatch,勾引,1,女孩勾引男孩因为[MASK]在那里。,49,0,m
ic_mismatch,辜负,1,男孩辜负女孩因为[MASK]在那里。,61,1,m
ic_mismatch,辜负,1,女孩辜负男孩因为[MASK]在那里。,61,0,m
ic_mismatch,欺骗,1,男孩欺骗女孩因为[MASK]在那里。,66,1,m
ic_mismatch,欺骗,1,女孩欺骗男孩因为[MASK]在那里。,66,0,m
ic_mismatch,说服,1,男孩说服女孩因为[MASK]在那里。,73,1,m
ic_mismatch,说服,1,女孩说服男孩因为[MASK]在那里。,73,0,m
ic_mismatch,启发,1,男孩启发女孩因为[MASK]在那里。,83,1,m
ic_mismatch,启发,1,女孩启发男孩因为[MASK]在那里。,83,0,m
ic_mismatch,羡慕,2,父亲羡慕母亲因为[MASK]在那里。,2,1,m
ic_mismatch,羡慕,2,母亲羡慕父亲因为[MASK]在那里。,2,0,m
ic_mismatch,嫉妒,2,父亲嫉妒母亲因为[MASK]在那里。,5,1,m
ic_mismatch,嫉妒,2,母亲嫉妒父亲因为[MASK]在那里。,5,0,m
ic_mismatch,可怜,2,父亲可怜母亲因为[MASK]在那里。,5,1,m
ic_mismatch,可怜,2,母亲可怜父亲因为[MASK]在那里。,5,0,m
ic_mismatch,害怕,2,父亲害怕母亲因为[MASK]在那里。,8,1,m
ic_mismatch,害怕,2,母亲害怕父亲因为[MASK]在那里。,8,0,m
ic_mismatch,同情,2,父亲同情母亲因为[MASK]在那里。,12,1,m
ic_mismatch,同情,2,母亲同情父亲因为[MASK]在那里。,12,0,m
ic_mismatch,讨厌,2,父亲讨厌母亲因为[MASK]在那里。,12,1,m
ic_mismatch,讨厌,2,母亲讨厌父亲因为[MASK]在那里。,12,0,m
ic_mismatch,担心,2,父亲担心母亲因为[MASK]在那里。,15,1,m
ic_mismatch,担心,2,母亲担心父亲因为[MASK]在那里。,15,0,m
ic_mismatch,关心,2,父亲关心母亲因为[MASK]在那里。,22,1,m
ic_mismatch,关心,2,母亲关心父亲因为[MASK]在那里。,22,0,m
ic_mismatch,刺激,2,父亲刺激母亲因为[MASK]在那里。,32,1,m
ic_mismatch,刺激,2,母亲刺激父亲因为[MASK]在那里。,32,0,m
ic_mismatch,安慰,2,父亲安慰母亲因为[MASK]在那里。,39,1,m
ic_mismatch,安慰,2,母亲安慰父亲因为[MASK]在那里。,39,0,m
ic_mismatch,安抚,2,父亲安抚母亲因为[MASK]在那里。,41,1,m
ic_mismatch,安抚,2,母亲安抚父亲因为[MASK]在那里。,41,0,m
ic_mismatch,激怒,2,父亲激怒母亲因为[MASK]在那里。,46,1,m
ic_mismatch,激怒,2,母亲激怒父亲因为[MASK]在那里。,46,0,m
ic_mismatch,鼓励,2,父亲鼓励母亲因为[MASK]在那里。,49,1,m
ic_mismatch,鼓励,2,母亲鼓励父亲因为[MASK]在那里。,49,0,m
ic_mismatch,诱惑,2,父亲诱惑母亲因为[MASK]在那里。,51,1,m
ic_mismatch,诱惑,2,母亲诱惑父亲因为[MASK]在那里。,51,0,m
ic_mismatch,触怒,2,父亲触怒母亲因为[MASK]在那里。,59,1,m
ic_mismatch,触怒,2,母亲触怒父亲因为[MASK]在那里。,59,0,m
ic_mismatch,激励,2,父亲激励母亲因为[MASK]在那里。,61,1,m
ic_mismatch,激励,2,母亲激励父亲因为[MASK]在那里。,61,0,m
ic_mismatch,困扰,2,父亲困扰母亲因为[MASK]在那里。,63,1,m
ic_mismatch,困扰,2,母亲困扰父亲因为[MASK]在那里。,63,0,m
ic_mismatch,鼓舞,2,父亲鼓舞母亲因为[MASK]在那里。,66,1,m
ic_mismatch,鼓舞,2,母亲鼓舞父亲因为[MASK]在那里。,66,0,m
ic_mismatch,吸引,2,父亲吸引母亲因为[MASK]在那里。,79,1,m
ic_mismatch,吸引,2,母亲吸引父亲因为[MASK]在那里。,79,0,m
ic_mismatch,信任,2,父亲信任母亲因为[MASK]在那里。,2,1,m
ic_mismatch,信任,2,母亲信任父亲因为[MASK]在那里。,2,0,m
ic_mismatch,尊敬,2,父亲尊敬母亲因为[MASK]在那里。,2,1,m
ic_mismatch,尊敬,2,母亲尊敬父亲因为[MASK]在那里。,2,0,m
ic_mismatch,佩服,2,父亲佩服母亲因为[MASK]在那里。,5,1,m
ic_mismatch,佩服,2,母亲佩服父亲因为[MASK]在那里。,5,0,m
ic_mismatch,憎恨,2,父亲憎恨母亲因为[MASK]在那里。,5,1,m
ic_mismatch,憎恨,2,母亲憎恨父亲因为[MASK]在那里。,5,0,m
ic_mismatch,崇拜,2,父亲崇拜母亲因为[MASK]在那里。,7,1,m
ic_mismatch,崇拜,2,母亲崇拜父亲因为[MASK]在那里。,7,0,m
ic_mismatch,心疼,2,父亲心疼母亲因为[MASK]在那里。,7,1,m
ic_mismatch,心疼,2,母亲心疼父亲因为[MASK]在那里。,7,0,m
ic_mismatch,仇视,2,父亲仇视母亲因为[MASK]在那里。,12,1,m
ic_mismatch,仇视,2,母亲仇视父亲因为[MASK]在那里。,12,0,m
ic_mismatch,敬畏,2,父亲敬畏母亲因为[MASK]在那里。,12,1,m
ic_mismatch,敬畏,2,母亲敬畏父亲因为[MASK]在那里。,12,0,m
ic_mismatch,怀疑,2,父亲怀疑母亲因为[MASK]在那里。,14,1,m
ic_mismatch,怀疑,2,母亲怀疑父亲因为[MASK]在那里。,14,0,m
ic_mismatch,尊重,2,父亲尊重母亲因为[MASK]在那里。,14,1,m
ic_mismatch,尊重,2,母亲尊重父亲因为[MASK]在那里。,14,0,m
ic_mismatch,暗恋,2,父亲暗恋母亲因为[MASK]在那里。,16,1,m
ic_mismatch,暗恋,2,母亲暗恋父亲因为[MASK]在那里。,16,0,m
ic_mismatch,想念,2,父亲想念母亲因为[MASK]在那里。,24,1,m
ic_mismatch,想念,2,母亲想念父亲因为[MASK]在那里。,24,0,m
ic_mismatch,悼念,2,父亲悼念母亲因为[MASK]在那里。,29,1,m
ic_mismatch,悼念,2,母亲悼念父亲因为[MASK]在那里。,29,0,m
ic_mismatch,感激,2,父亲感激母亲因为[MASK]在那里。,29,1,m
ic_mismatch,感激,2,母亲感激父亲因为[MASK]在那里。,29,0,m
ic_mismatch,怀念,2,父亲怀念母亲因为[MASK]在那里。,29,1,m
ic_mismatch,怀念,2,母亲怀念父亲因为[MASK]在那里。,29,0,m
ic_mismatch,包容,2,父亲包容母亲因为[MASK]在那里。,37,1,m
ic_mismatch,包容,2,母亲包容父亲因为[MASK]在那里。,37,0,m
ic_mismatch,羞辱,2,父亲羞辱母亲因为[MASK]在那里。,7,1,m
ic_mismatch,羞辱,2,母亲羞辱父亲因为[MASK]在那里。,7,0,m
ic_mismatch,贬低,2,父亲贬低母亲因为[MASK]在那里。,8,1,m
ic_mismatch,贬低,2,母亲贬低父亲因为[MASK]在那里。,8,0,m
ic_mismatch,侮辱,2,父亲侮辱母亲因为[MASK]在那里。,10,1,m
ic_mismatch,侮辱,2,母亲侮辱父亲因为[MASK]在那里。,10,0,m
ic_mismatch,欺负,2,父亲欺负母亲因为[MASK]在那里。,12,1,m
ic_mismatch,欺负,2,母亲欺负父亲因为[MASK]在那里。,12,0,m
ic_mismatch,赞扬,2,父亲赞扬母亲因为[MASK]在那里。,15,1,m
ic_mismatch,赞扬,2,母亲赞扬父亲因为[MASK]在那里。,15,0,m
ic_mismatch,支持,2,父亲支持母亲因为[MASK]在那里。,17,1,m
ic_mismatch,支持,2,母亲支持父亲因为[MASK]在那里。,17,0,m
ic_mismatch,嘲笑,2,父亲嘲笑母亲因为[MASK]在那里。,19,1,m
ic_mismatch,嘲笑,2,母亲嘲笑父亲因为[MASK]在那里。,19,0,m
ic_mismatch,威胁,2,父亲威胁母亲因为[MASK]在那里。,22,1,m
ic_mismatch,威胁,2,母亲威胁父亲因为[MASK]在那里。,22,0,m
ic_mismatch,骚扰,2,父亲骚扰母亲因为[MASK]在那里。,29,1,m
ic_mismatch,骚扰,2,母亲骚扰父亲因为[MASK]在那里。,29,0,m
ic_mismatch,勾引,2,父亲勾引母亲因为[MASK]在那里。,49,1,m
ic_mismatch,勾引,2,母亲勾引父亲因为[MASK]在那里。,49,0,m
ic_mismatch,辜负,2,父亲辜负母亲因为[MASK]在那里。,61,1,m
ic_mismatch,辜负,2,母亲辜负父亲因为[MASK]在那里。,61,0,m
ic_mismatch,欺骗,2,父亲欺骗母亲因为[MASK]在那里。,66,1,m
ic_mismatch,欺骗,2,母亲欺骗父亲因为[MASK]在那里。,66,0,m
ic_mismatch,说服,2,父亲说服母亲因为[MASK]在那里。,73,1,m
ic_mismatch,说服,2,母亲说服父亲因为[MASK]在那里。,73,0,m
ic_mismatch,启发,2,父亲启发母亲因为[MASK]在那里。,83,1,m
ic_mismatch,启发,2,母亲启发父亲因为[MASK]在那里。,83,0,m
ic_mismatch,羡慕,3,叔叔羡慕姨因为[MASK]在那里。,2,1,m
ic_mismatch,羡慕,3,姨羡慕叔叔因为[MASK]在那里。,2,0,m
ic_mismatch,嫉妒,3,叔叔嫉妒姨因为[MASK]在那里。,5,1,m
ic_mismatch,嫉妒,3,姨嫉妒叔叔因为[MASK]在那里。,5,0,m
ic_mismatch,可怜,3,叔叔可怜姨因为[MASK]在那里。,5,1,m
ic_mismatch,可怜,3,姨可怜叔叔因为[MASK]在那里。,5,0,m
ic_mismatch,害怕,3,叔叔害怕姨因为[MASK]在那里。,8,1,m
ic_mismatch,害怕,3,姨害怕叔叔因为[MASK]在那里。,8,0,m
ic_mismatch,同情,3,叔叔同情姨因为[MASK]在那里。,12,1,m
ic_mismatch,同情,3,姨同情叔叔因为[MASK]在那里。,12,0,m
ic_mismatch,讨厌,3,叔叔讨厌姨因为[MASK]在那里。,12,1,m
ic_mismatch,讨厌,3,姨讨厌叔叔因为[MASK]在那里。,12,0,m
ic_mismatch,担心,3,叔叔担心姨因为[MASK]在那里。,15,1,m
ic_mismatch,担心,3,姨担心叔叔因为[MASK]在那里。,15,0,m
ic_mismatch,关心,3,叔叔关心姨因为[MASK]在那里。,22,1,m
ic_mismatch,关心,3,姨关心叔叔因为[MASK]在那里。,22,0,m
ic_mismatch,刺激,3,叔叔刺激姨因为[MASK]在那里。,32,1,m
ic_mismatch,刺激,3,姨刺激叔叔因为[MASK]在那里。,32,0,m
ic_mismatch,安慰,3,叔叔安慰姨因为[MASK]在那里。,39,1,m
ic_mismatch,安慰,3,姨安慰叔叔因为[MASK]在那里。,39,0,m
ic_mismatch,安抚,3,叔叔安抚姨因为[MASK]在那里。,41,1,m
ic_mismatch,安抚,3,姨安抚叔叔因为[MASK]在那里。,41,0,m
ic_mismatch,激怒,3,叔叔激怒姨因为[MASK]在那里。,46,1,m
ic_mismatch,激怒,3,姨激怒叔叔因为[MASK]在那里。,46,0,m
ic_mismatch,鼓励,3,叔叔鼓励姨因为[MASK]在那里。,49,1,m
ic_mismatch,鼓励,3,姨鼓励叔叔因为[MASK]在那里。,49,0,m
ic_mismatch,诱惑,3,叔叔诱惑姨因为[MASK]在那里。,51,1,m
ic_mismatch,诱惑,3,姨诱惑叔叔因为[MASK]在那里。,51,0,m
ic_mismatch,触怒,3,叔叔触怒姨因为[MASK]在那里。,59,1,m
ic_mismatch,触怒,3,姨触怒叔叔因为[MASK]在那里。,59,0,m
ic_mismatch,激励,3,叔叔激励姨因为[MASK]在那里。,61,1,m
ic_mismatch,激励,3,姨激励叔叔因为[MASK]在那里。,61,0,m
ic_mismatch,困扰,3,叔叔困扰姨因为[MASK]在那里。,63,1,m
ic_mismatch,困扰,3,姨困扰叔叔因为[MASK]在那里。,63,0,m
ic_mismatch,鼓舞,3,叔叔鼓舞姨因为[MASK]在那里。,66,1,m
ic_mismatch,鼓舞,3,姨鼓舞叔叔因为[MASK]在那里。,66,0,m
ic_mismatch,吸引,3,叔叔吸引姨因为[MASK]在那里。,79,1,m
ic_mismatch,吸引,3,姨吸引叔叔因为[MASK]在那里。,79,0,m
ic_mismatch,信任,3,叔叔信任姨因为[MASK]在那里。,2,1,m
ic_mismatch,信任,3,姨信任叔叔因为[MASK]在那里。,2,0,m
ic_mismatch,尊敬,3,叔叔尊敬姨因为[MASK]在那里。,2,1,m
ic_mismatch,尊敬,3,姨尊敬叔叔因为[MASK]在那里。,2,0,m
ic_mismatch,佩服,3,叔叔佩服姨因为[MASK]在那里。,5,1,m
ic_mismatch,佩服,3,姨佩服叔叔因为[MASK]在那里。,5,0,m
ic_mismatch,憎恨,3,叔叔憎恨姨因为[MASK]在那里。,5,1,m
ic_mismatch,憎恨,3,姨憎恨叔叔因为[MASK]在那里。,5,0,m
ic_mismatch,崇拜,3,叔叔崇拜姨因为[MASK]在那里。,7,1,m
ic_mismatch,崇拜,3,姨崇拜叔叔因为[MASK]在那里。,7,0,m
ic_mismatch,心疼,3,叔叔心疼姨因为[MASK]在那里。,7,1,m
ic_mismatch,心疼,3,姨心疼叔叔因为[MASK]在那里。,7,0,m
ic_mismatch,仇视,3,叔叔仇视姨因为[MASK]在那里。,12,1,m
ic_mismatch,仇视,3,姨仇视叔叔因为[MASK]在那里。,12,0,m
ic_mismatch,敬畏,3,叔叔敬畏姨因为[MASK]在那里。,12,1,m
ic_mismatch,敬畏,3,姨敬畏叔叔因为[MASK]在那里。,12,0,m
ic_mismatch,怀疑,3,叔叔怀疑姨因为[MASK]在那里。,14,1,m
ic_mismatch,怀疑,3,姨怀疑叔叔因为[MASK]在那里。,14,0,m
ic_mismatch,尊重,3,叔叔尊重姨因为[MASK]在那里。,14,1,m
ic_mismatch,尊重,3,姨尊重叔叔因为[MASK]在那里。,14,0,m
ic_mismatch,暗恋,3,叔叔暗恋姨因为[MASK]在那里。,16,1,m
ic_mismatch,暗恋,3,姨暗恋叔叔因为[MASK]在那里。,16,0,m
ic_mismatch,想念,3,叔叔想念姨因为[MASK]在那里。,24,1,m
ic_mismatch,想念,3,姨想念叔叔因为[MASK]在那里。,24,0,m
ic_mismatch,悼念,3,叔叔悼念姨因为[MASK]在那里。,29,1,m
ic_mismatch,悼念,3,姨悼念叔叔因为[MASK]在那里。,29,0,m
ic_mismatch,感激,3,叔叔感激姨因为[MASK]在那里。,29,1,m
ic_mismatch,感激,3,姨感激叔叔因为[MASK]在那里。,29,0,m
ic_mismatch,怀念,3,叔叔怀念姨因为[MASK]在那里。,29,1,m
ic_mismatch,怀念,3,姨怀念叔叔因为[MASK]在那里。,29,0,m
ic_mismatch,包容,3,叔叔包容姨因为[MASK]在那里。,37,1,m
ic_mismatch,包容,3,姨包容叔叔因为[MASK]在那里。,37,0,m
ic_mismatch,羞辱,3,叔叔羞辱姨因为[MASK]在那里。,7,1,m
ic_mismatch,羞辱,3,姨羞辱叔叔因为[MASK]在那里。,7,0,m
ic_mismatch,贬低,3,叔叔贬低姨因为[MASK]在那里。,8,1,m
ic_mismatch,贬低,3,姨贬低叔叔因为[MASK]在那里。,8,0,m
ic_mismatch,侮辱,3,叔叔侮辱姨因为[MASK]在那里。,10,1,m
ic_mismatch,侮辱,3,姨侮辱叔叔因为[MASK]在那里。,10,0,m
ic_mismatch,欺负,3,叔叔欺负姨因为[MASK]在那里。,12,1,m
ic_mismatch,欺负,3,姨欺负叔叔因为[MASK]在那里。,12,0,m
ic_mismatch,赞扬,3,叔叔赞扬姨因为[MASK]在那里。,15,1,m
ic_mismatch,赞扬,3,姨赞扬叔叔因为[MASK]在那里。,15,0,m
ic_mismatch,支持,3,叔叔支持姨因为[MASK]在那里。,17,1,m
ic_mismatch,支持,3,姨支持叔叔因为[MASK]在那里。,17,0,m
ic_mismatch,嘲笑,3,叔叔嘲笑姨因为[MASK]在那里。,19,1,m
ic_mismatch,嘲笑,3,姨嘲笑叔叔因为[MASK]在那里。,19,0,m
ic_mismatch,威胁,3,叔叔威胁姨因为[MASK]在那里。,22,1,m
ic_mismatch,威胁,3,姨威胁叔叔因为[MASK]在那里。,22,0,m
ic_mismatch,骚扰,3,叔叔骚扰姨因为[MASK]在那里。,29,1,m
ic_mismatch,骚扰,3,姨骚扰叔叔因为[MASK]在那里。,29,0,m
ic_mismatch,勾引,3,叔叔勾引姨因为[MASK]在那里。,49,1,m
ic_mismatch,勾引,3,姨勾引叔叔因为[MASK]在那里。,49,0,m
ic_mismatch,辜负,3,叔叔辜负姨因为[MASK]在那里。,61,1,m
ic_mismatch,辜负,3,姨辜负叔叔因为[MASK]在那里。,61,0,m
ic_mismatch,欺骗,3,叔叔欺骗姨因为[MASK]在那里。,66,1,m
ic_mismatch,欺骗,3,姨欺骗叔叔因为[MASK]在那里。,66,0,m
ic_mismatch,说服,3,叔叔说服姨因为[MASK]在那里。,73,1,m
ic_mismatch,说服,3,姨说服叔叔因为[MASK]在那里。,73,0,m
ic_mismatch,启发,3,叔叔启发姨因为[MASK]在那里。,83,1,m
ic_mismatch,启发,3,姨启发叔叔因为[MASK]在那里。,83,0,m
ic_mismatch,羡慕,4,丈夫羡慕妻子因为[MASK]在那里。,2,1,m
ic_mismatch,羡慕,4,妻子羡慕丈夫因为[MASK]在那里。,2,0,m
ic_mismatch,嫉妒,4,丈夫嫉妒妻子因为[MASK]在那里。,5,1,m
ic_mismatch,嫉妒,4,妻子嫉妒丈夫因为[MASK]在那里。,5,0,m
ic_mismatch,可怜,4,丈夫可怜妻子因为[MASK]在那里。,5,1,m
ic_mismatch,可怜,4,妻子可怜丈夫因为[MASK]在那里。,5,0,m
ic_mismatch,害怕,4,丈夫害怕妻子因为[MASK]在那里。,8,1,m
ic_mismatch,害怕,4,妻子害怕丈夫因为[MASK]在那里。,8,0,m
ic_mismatch,同情,4,丈夫同情妻子因为[MASK]在那里。,12,1,m
ic_mismatch,同情,4,妻子同情丈夫因为[MASK]在那里。,12,0,m
ic_mismatch,讨厌,4,丈夫讨厌妻子因为[MASK]在那里。,12,1,m
ic_mismatch,讨厌,4,妻子讨厌丈夫因为[MASK]在那里。,12,0,m
ic_mismatch,担心,4,丈夫担心妻子因为[MASK]在那里。,15,1,m
ic_mismatch,担心,4,妻子担心丈夫因为[MASK]在那里。,15,0,m
ic_mismatch,关心,4,丈夫关心妻子因为[MASK]在那里。,22,1,m
ic_mismatch,关心,4,妻子关心丈夫因为[MASK]在那里。,22,0,m
ic_mismatch,刺激,4,丈夫刺激妻子因为[MASK]在那里。,32,1,m
ic_mismatch,刺激,4,妻子刺激丈夫因为[MASK]在那里。,32,0,m
ic_mismatch,安慰,4,丈夫安慰妻子因为[MASK]在那里。,39,1,m
ic_mismatch,安慰,4,妻子安慰丈夫因为[MASK]在那里。,39,0,m
ic_mismatch,安抚,4,丈夫安抚妻子因为[MASK]在那里。,41,1,m
ic_mismatch,安抚,4,妻子安抚丈夫因为[MASK]在那里。,41,0,m
ic_mismatch,激怒,4,丈夫激怒妻子因为[MASK]在那里。,46,1,m
ic_mismatch,激怒,4,妻子激怒丈夫因为[MASK]在那里。,46,0,m
ic_mismatch,鼓励,4,丈夫鼓励妻子因为[MASK]在那里。,49,1,m
ic_mismatch,鼓励,4,妻子鼓励丈夫因为[MASK]在那里。,49,0,m
ic_mismatch,诱惑,4,丈夫诱惑妻子因为[MASK]在那里。,51,1,m
ic_mismatch,诱惑,4,妻子诱惑丈夫因为[MASK]在那里。,51,0,m
ic_mismatch,触怒,4,丈夫触怒妻子因为[MASK]在那里。,59,1,m
ic_mismatch,触怒,4,妻子触怒丈夫因为[MASK]在那里。,59,0,m
ic_mismatch,激励,4,丈夫激励妻子因为[MASK]在那里。,61,1,m
ic_mismatch,激励,4,妻子激励丈夫因为[MASK]在那里。,61,0,m
ic_mismatch,困扰,4,丈夫困扰妻子因为[MASK]在那里。,63,1,m
ic_mismatch,困扰,4,妻子困扰丈夫因为[MASK]在那里。,63,0,m
ic_mismatch,鼓舞,4,丈夫鼓舞妻子因为[MASK]在那里。,66,1,m
ic_mismatch,鼓舞,4,妻子鼓舞丈夫因为[MASK]在那里。,66,0,m
ic_mismatch,吸引,4,丈夫吸引妻子因为[MASK]在那里。,79,1,m
ic_mismatch,吸引,4,妻子吸引丈夫因为[MASK]在那里。,79,0,m
ic_mismatch,信任,4,丈夫信任妻子因为[MASK]在那里。,2,1,m
ic_mismatch,信任,4,妻子信任丈夫因为[MASK]在那里。,2,0,m
ic_mismatch,尊敬,4,丈夫尊敬妻子因为[MASK]在那里。,2,1,m
ic_mismatch,尊敬,4,妻子尊敬丈夫因为[MASK]在那里。,2,0,m
ic_mismatch,佩服,4,丈夫佩服妻子因为[MASK]在那里。,5,1,m
ic_mismatch,佩服,4,妻子佩服丈夫因为[MASK]在那里。,5,0,m
ic_mismatch,憎恨,4,丈夫憎恨妻子因为[MASK]在那里。,5,1,m
ic_mismatch,憎恨,4,妻子憎恨丈夫因为[MASK]在那里。,5,0,m
ic_mismatch,崇拜,4,丈夫崇拜妻子因为[MASK]在那里。,7,1,m
ic_mismatch,崇拜,4,妻子崇拜丈夫因为[MASK]在那里。,7,0,m
ic_mismatch,心疼,4,丈夫心疼妻子因为[MASK]在那里。,7,1,m
ic_mismatch,心疼,4,妻子心疼丈夫因为[MASK]在那里。,7,0,m
ic_mismatch,仇视,4,丈夫仇视妻子因为[MASK]在那里。,12,1,m
ic_mismatch,仇视,4,妻子仇视丈夫因为[MASK]在那里。,12,0,m
ic_mismatch,敬畏,4,丈夫敬畏妻子因为[MASK]在那里。,12,1,m
ic_mismatch,敬畏,4,妻子敬畏丈夫因为[MASK]在那里。,12,0,m
ic_mismatch,怀疑,4,丈夫怀疑妻子因为[MASK]在那里。,14,1,m
ic_mismatch,怀疑,4,妻子怀疑丈夫因为[MASK]在那里。,14,0,m
ic_mismatch,尊重,4,丈夫尊重妻子因为[MASK]在那里。,14,1,m
ic_mismatch,尊重,4,妻子尊重丈夫因为[MASK]在那里。,14,0,m
ic_mismatch,暗恋,4,丈夫暗恋妻子因为[MASK]在那里。,16,1,m
ic_mismatch,暗恋,4,妻子暗恋丈夫因为[MASK]在那里。,16,0,m
ic_mismatch,想念,4,丈夫想念妻子因为[MASK]在那里。,24,1,m
ic_mismatch,想念,4,妻子想念丈夫因为[MASK]在那里。,24,0,m
ic_mismatch,悼念,4,丈夫悼念妻子因为[MASK]在那里。,29,1,m
ic_mismatch,悼念,4,妻子悼念丈夫因为[MASK]在那里。,29,0,m
ic_mismatch,感激,4,丈夫感激妻子因为[MASK]在那里。,29,1,m
ic_mismatch,感激,4,妻子感激丈夫因为[MASK]在那里。,29,0,m
ic_mismatch,怀念,4,丈夫怀念妻子因为[MASK]在那里。,29,1,m
ic_mismatch,怀念,4,妻子怀念丈夫因为[MASK]在那里。,29,0,m
ic_mismatch,包容,4,丈夫包容妻子因为[MASK]在那里。,37,1,m
ic_mismatch,包容,4,妻子包容丈夫因为[MASK]在那里。,37,0,m
ic_mismatch,羞辱,4,丈夫羞辱妻子因为[MASK]在那里。,7,1,m
ic_mismatch,羞辱,4,妻子羞辱丈夫因为[MASK]在那里。,7,0,m
ic_mismatch,贬低,4,丈夫贬低妻子因为[MASK]在那里。,8,1,m
ic_mismatch,贬低,4,妻子贬低丈夫因为[MASK]在那里。,8,0,m
ic_mismatch,侮辱,4,丈夫侮辱妻子因为[MASK]在那里。,10,1,m
ic_mismatch,侮辱,4,妻子侮辱丈夫因为[MASK]在那里。,10,0,m
ic_mismatch,欺负,4,丈夫欺负妻子因为[MASK]在那里。,12,1,m
ic_mismatch,欺负,4,妻子欺负丈夫因为[MASK]在那里。,12,0,m
ic_mismatch,赞扬,4,丈夫赞扬妻子因为[MASK]在那里。,15,1,m
ic_mismatch,赞扬,4,妻子赞扬丈夫因为[MASK]在那里。,15,0,m
ic_mismatch,支持,4,丈夫支持妻子因为[MASK]在那里。,17,1,m
ic_mismatch,支持,4,妻子支持丈夫因为[MASK]在那里。,17,0,m
ic_mismatch,嘲笑,4,丈夫嘲笑妻子因为[MASK]在那里。,19,1,m
ic_mismatch,嘲笑,4,妻子嘲笑丈夫因为[MASK]在那里。,19,0,m
ic_mismatch,威胁,4,丈夫威胁妻子因为[MASK]在那里。,22,1,m
ic_mismatch,威胁,4,妻子威胁丈夫因为[MASK]在那里。,22,0,m
ic_mismatch,骚扰,4,丈夫骚扰妻子因为[MASK]在那里。,29,1,m
ic_mismatch,骚扰,4,妻子骚扰丈夫因为[MASK]在那里。,29,0,m
ic_mismatch,勾引,4,丈夫勾引妻子因为[MASK]在那里。,49,1,m
ic_mismatch,勾引,4,妻子勾引丈夫因为[MASK]在那里。,49,0,m
ic_mismatch,辜负,4,丈夫辜负妻子因为[MASK]在那里。,61,1,m
ic_mismatch,辜负,4,妻子辜负丈夫因为[MASK]在那里。,61,0,m
ic_mismatch,欺骗,4,丈夫欺骗妻子因为[MASK]在那里。,66,1,m
ic_mismatch,欺骗,4,妻子欺骗丈夫因为[MASK]在那里。,66,0,m
ic_mismatch,说服,4,丈夫说服妻子因为[MASK]在那里。,73,1,m
ic_mismatch,说服,4,妻子说服丈夫因为[MASK]在那里。,73,0,m
ic_mismatch,启发,4,丈夫启发妻子因为[MASK]在那里。,83,1,m
ic_mismatch,启发,4,妻子启发丈夫因为[MASK]在那里。,83,0,m
ic_mismatch,羡慕,5,王子羡慕公主因为[MASK]在那里。,2,1,m
ic_mismatch,羡慕,5,公主羡慕王子因为[MASK]在那里。,2,0,m
ic_mismatch,嫉妒,5,王子嫉妒公主因为[MASK]在那里。,5,1,m
ic_mismatch,嫉妒,5,公主嫉妒王子因为[MASK]在那里。,5,0,m
ic_mismatch,可怜,5,王子可怜公主因为[MASK]在那里。,5,1,m
ic_mismatch,可怜,5,公主可怜王子因为[MASK]在那里。,5,0,m
ic_mismatch,害怕,5,王子害怕公主因为[MASK]在那里。,8,1,m
ic_mismatch,害怕,5,公主害怕王子因为[MASK]在那里。,8,0,m
ic_mismatch,同情,5,王子同情公主因为[MASK]在那里。,12,1,m
ic_mismatch,同情,5,公主同情王子因为[MASK]在那里。,12,0,m
ic_mismatch,讨厌,5,王子讨厌公主因为[MASK]在那里。,12,1,m
ic_mismatch,讨厌,5,公主讨厌王子因为[MASK]在那里。,12,0,m
ic_mismatch,担心,5,王子担心公主因为[MASK]在那里。,15,1,m
ic_mismatch,担心,5,公主担心王子因为[MASK]在那里。,15,0,m
ic_mismatch,关心,5,王子关心公主因为[MASK]在那里。,22,1,m
ic_mismatch,关心,5,公主关心王子因为[MASK]在那里。,22,0,m
ic_mismatch,刺激,5,王子刺激公主因为[MASK]在那里。,32,1,m
ic_mismatch,刺激,5,公主刺激王子因为[MASK]在那里。,32,0,m
ic_mismatch,安慰,5,王子安慰公主因为[MASK]在那里。,39,1,m
ic_mismatch,安慰,5,公主安慰王子因为[MASK]在那里。,39,0,m
ic_mismatch,安抚,5,王子安抚公主因为[MASK]在那里。,41,1,m
ic_mismatch,安抚,5,公主安抚王子因为[MASK]在那里。,41,0,m
ic_mismatch,激怒,5,王子激怒公主因为[MASK]在那里。,46,1,m
ic_mismatch,激怒,5,公主激怒王子因为[MASK]在那里。,46,0,m
ic_mismatch,鼓励,5,王子鼓励公主因为[MASK]在那里。,49,1,m
ic_mismatch,鼓励,5,公主鼓励王子因为[MASK]在那里。,49,0,m
ic_mismatch,诱惑,5,王子诱惑公主因为[MASK]在那里。,51,1,m
ic_mismatch,诱惑,5,公主诱惑王子因为[MASK]在那里。,51,0,m
ic_mismatch,触怒,5,王子触怒公主因为[MASK]在那里。,59,1,m
ic_mismatch,触怒,5,公主触怒王子因为[MASK]在那里。,59,0,m
ic_mismatch,激励,5,王子激励公主因为[MASK]在那里。,61,1,m
ic_mismatch,激励,5,公主激励王子因为[MASK]在那里。,61,0,m
ic_mismatch,困扰,5,王子困扰公主因为[MASK]在那里。,63,1,m
ic_mismatch,困扰,5,公主困扰王子因为[MASK]在那里。,63,0,m
ic_mismatch,鼓舞,5,王子鼓舞公主因为[MASK]在那里。,66,1,m
ic_mismatch,鼓舞,5,公主鼓舞王子因为[MASK]在那里。,66,0,m
ic_mismatch,吸引,5,王子吸引公主因为[MASK]在那里。,79,1,m
ic_mismatch,吸引,5,公主吸引王子因为[MASK]在那里。,79,0,m
ic_mismatch,信任,5,王子信任公主因为[MASK]在那里。,2,1,m
ic_mismatch,信任,5,公主信任王子因为[MASK]在那里。,2,0,m
ic_mismatch,尊敬,5,王子尊敬公主因为[MASK]在那里。,2,1,m
ic_mismatch,尊敬,5,公主尊敬王子因为[MASK]在那里。,2,0,m
ic_mismatch,佩服,5,王子佩服公主因为[MASK]在那里。,5,1,m
ic_mismatch,佩服,5,公主佩服王子因为[MASK]在那里。,5,0,m
ic_mismatch,憎恨,5,王子憎恨公主因为[MASK]在那里。,5,1,m
ic_mismatch,憎恨,5,公主憎恨王子因为[MASK]在那里。,5,0,m
ic_mismatch,崇拜,5,王子崇拜公主因为[MASK]在那里。,7,1,m
ic_mismatch,崇拜,5,公主崇拜王子因为[MASK]在那里。,7,0,m
ic_mismatch,心疼,5,王子心疼公主因为[MASK]在那里。,7,1,m
ic_mismatch,心疼,5,公主心疼王子因为[MASK]在那里。,7,0,m
ic_mismatch,仇视,5,王子仇视公主因为[MASK]在那里。,12,1,m
ic_mismatch,仇视,5,公主仇视王子因为[MASK]在那里。,12,0,m
ic_mismatch,敬畏,5,王子敬畏公主因为[MASK]在那里。,12,1,m
ic_mismatch,敬畏,5,公主敬畏王子因为[MASK]在那里。,12,0,m
ic_mismatch,怀疑,5,王子怀疑公主因为[MASK]在那里。,14,1,m
ic_mismatch,怀疑,5,公主怀疑王子因为[MASK]在那里。,14,0,m
ic_mismatch,尊重,5,王子尊重公主因为[MASK]在那里。,14,1,m
ic_mismatch,尊重,5,公主尊重王子因为[MASK]在那里。,14,0,m
ic_mismatch,暗恋,5,王子暗恋公主因为[MASK]在那里。,16,1,m
ic_mismatch,暗恋,5,公主暗恋王子因为[MASK]在那里。,16,0,m
ic_mismatch,想念,5,王子想念公主因为[MASK]在那里。,24,1,m
ic_mismatch,想念,5,公主想念王子因为[MASK]在那里。,24,0,m
ic_mismatch,悼念,5,王子悼念公主因为[MASK]在那里。,29,1,m
ic_mismatch,悼念,5,公主悼念王子因为[MASK]在那里。,29,0,m
ic_mismatch,感激,5,王子感激公主因为[MASK]在那里。,29,1,m
ic_mismatch,感激,5,公主感激王子因为[MASK]在那里。,29,0,m
ic_mismatch,怀念,5,王子怀念公主因为[MASK]在那里。,29,1,m
ic_mismatch,怀念,5,公主怀念王子因为[MASK]在那里。,29,0,m
ic_mismatch,包容,5,王子包容公主因为[MASK]在那里。,37,1,m
ic_mismatch,包容,5,公主包容王子因为[MASK]在那里。,37,0,m
ic_mismatch,羞辱,5,王子羞辱公主因为[MASK]在那里。,7,1,m
ic_mismatch,羞辱,5,公主羞辱王子因为[MASK]在那里。,7,0,m
ic_mismatch,贬低,5,王子贬低公主因为[MASK]在那里。,8,1,m
ic_mismatch,贬低,5,公主贬低王子因为[MASK]在那里。,8,0,m
ic_mismatch,侮辱,5,王子侮辱公主因为[MASK]在那里。,10,1,m
ic_mismatch,侮辱,5,公主侮辱王子因为[MASK]在那里。,10,0,m
ic_mismatch,欺负,5,王子欺负公主因为[MASK]在那里。,12,1,m
ic_mismatch,欺负,5,公主欺负王子因为[MASK]在那里。,12,0,m
ic_mismatch,赞扬,5,王子赞扬公主因为[MASK]在那里。,15,1,m
ic_mismatch,赞扬,5,公主赞扬王子因为[MASK]在那里。,15,0,m
ic_mismatch,支持,5,王子支持公主因为[MASK]在那里。,17,1,m
ic_mismatch,支持,5,公主支持王子因为[MASK]在那里。,17,0,m
ic_mismatch,嘲笑,5,王子嘲笑公主因为[MASK]在那里。,19,1,m
ic_mismatch,嘲笑,5,公主嘲笑王子因为[MASK]在那里。,19,0,m
ic_mismatch,威胁,5,王子威胁公主因为[MASK]在那里。,22,1,m
ic_mismatch,威胁,5,公主威胁王子因为[MASK]在那里。,22,0,m
ic_mismatch,骚扰,5,王子骚扰公主因为[MASK]在那里。,29,1,m
ic_mismatch,骚扰,5,公主骚扰王子因为[MASK]在那里。,29,0,m
ic_mismatch,勾引,5,王子勾引公主因为[MASK]在那里。,49,1,m
ic_mismatch,勾引,5,公主勾引王子因为[MASK]在那里。,49,0,m
ic_mismatch,辜负,5,王子辜负公主因为[MASK]在那里。,61,1,m
ic_mismatch,辜负,5,公主辜负王子因为[MASK]在那里。,61,0,m
ic_mismatch,欺骗,5,王子欺骗公主因为[MASK]在那里。,66,1,m
ic_mismatch,欺骗,5,公主欺骗王子因为[MASK]在那里。,66,0,m
ic_mismatch,说服,5,王子说服公主因为[MASK]在那里。,73,1,m
ic_mismatch,说服,5,公主说服王子因为[MASK]在那里。,73,0,m
ic_mismatch,启发,5,王子启发公主因为[MASK]在那里。,83,1,m
ic_mismatch,启发,5,公主启发王子因为[MASK]在那里。,83,0,m
ic_mismatch,羡慕,6,国王羡慕女王因为[MASK]在那里。,2,1,m
ic_mismatch,羡慕,6,女王羡慕国王因为[MASK]在那里。,2,0,m
ic_mismatch,嫉妒,6,国王嫉妒女王因为[MASK]在那里。,5,1,m
ic_mismatch,嫉妒,6,女王嫉妒国王因为[MASK]在那里。,5,0,m
ic_mismatch,可怜,6,国王可怜女王因为[MASK]在那里。,5,1,m
ic_mismatch,可怜,6,女王可怜国王因为[MASK]在那里。,5,0,m
ic_mismatch,害怕,6,国王害怕女王因为[MASK]在那里。,8,1,m
ic_mismatch,害怕,6,女王害怕国王因为[MASK]在那里。,8,0,m
ic_mismatch,同情,6,国王同情女王因为[MASK]在那里。,12,1,m
ic_mismatch,同情,6,女王同情国王因为[MASK]在那里。,12,0,m
ic_mismatch,讨厌,6,国王讨厌女王因为[MASK]在那里。,12,1,m
ic_mismatch,讨厌,6,女王讨厌国王因为[MASK]在那里。,12,0,m
ic_mismatch,担心,6,国王担心女王因为[MASK]在那里。,15,1,m
ic_mismatch,担心,6,女王担心国王因为[MASK]在那里。,15,0,m
ic_mismatch,关心,6,国王关心女王因为[MASK]在那里。,22,1,m
ic_mismatch,关心,6,女王关心国王因为[MASK]在那里。,22,0,m
ic_mismatch,刺激,6,国王刺激女王因为[MASK]在那里。,32,1,m
ic_mismatch,刺激,6,女王刺激国王因为[MASK]在那里。,32,0,m
ic_mismatch,安慰,6,国王安慰女王因为[MASK]在那里。,39,1,m
ic_mismatch,安慰,6,女王安慰国王因为[MASK]在那里。,39,0,m
ic_mismatch,安抚,6,国王安抚女王因为[MASK]在那里。,41,1,m
ic_mismatch,安抚,6,女王安抚国王因为[MASK]在那里。,41,0,m
ic_mismatch,激怒,6,国王激怒女王因为[MASK]在那里。,46,1,m
ic_mismatch,激怒,6,女王激怒国王因为[MASK]在那里。,46,0,m
ic_mismatch,鼓励,6,国王鼓励女王因为[MASK]在那里。,49,1,m
ic_mismatch,鼓励,6,女王鼓励国王因为[MASK]在那里。,49,0,m
ic_mismatch,诱惑,6,国王诱惑女王因为[MASK]在那里。,51,1,m
ic_mismatch,诱惑,6,女王诱惑国王因为[MASK]在那里。,51,0,m
ic_mismatch,触怒,6,国王触怒女王因为[MASK]在那里。,59,1,m
ic_mismatch,触怒,6,女王触怒国王因为[MASK]在那里。,59,0,m
ic_mismatch,激励,6,国王激励女王因为[MASK]在那里。,61,1,m
ic_mismatch,激励,6,女王激励国王因为[MASK]在那里。,61,0,m
ic_mismatch,困扰,6,国王困扰女王因为[MASK]在那里。,63,1,m
ic_mismatch,困扰,6,女王困扰国王因为[MASK]在那里。,63,0,m
ic_mismatch,鼓舞,6,国王鼓舞女王因为[MASK]在那里。,66,1,m
ic_mismatch,鼓舞,6,女王鼓舞国王因为[MASK]在那里。,66,0,m
ic_mismatch,吸引,6,国王吸引女王因为[MASK]在那里。,79,1,m
ic_mismatch,吸引,6,女王吸引国王因为[MASK]在那里。,79,0,m
ic_mismatch,信任,6,国王信任女王因为[MASK]在那里。,2,1,m
ic_mismatch,信任,6,女王信任国王因为[MASK]在那里。,2,0,m
ic_mismatch,尊敬,6,国王尊敬女王因为[MASK]在那里。,2,1,m
ic_mismatch,尊敬,6,女王尊敬国王因为[MASK]在那里。,2,0,m
ic_mismatch,佩服,6,国王佩服女王因为[MASK]在那里。,5,1,m
ic_mismatch,佩服,6,女王佩服国王因为[MASK]在那里。,5,0,m
ic_mismatch,憎恨,6,国王憎恨女王因为[MASK]在那里。,5,1,m
ic_mismatch,憎恨,6,女王憎恨国王因为[MASK]在那里。,5,0,m
ic_mismatch,崇拜,6,国王崇拜女王因为[MASK]在那里。,7,1,m
ic_mismatch,崇拜,6,女王崇拜国王因为[MASK]在那里。,7,0,m
ic_mismatch,心疼,6,国王心疼女王因为[MASK]在那里。,7,1,m
ic_mismatch,心疼,6,女王心疼国王因为[MASK]在那里。,7,0,m
ic_mismatch,仇视,6,国王仇视女王因为[MASK]在那里。,12,1,m
ic_mismatch,仇视,6,女王仇视国王因为[MASK]在那里。,12,0,m
ic_mismatch,敬畏,6,国王敬畏女王因为[MASK]在那里。,12,1,m
ic_mismatch,敬畏,6,女王敬畏国王因为[MASK]在那里。,12,0,m
ic_mismatch,怀疑,6,国王怀疑女王因为[MASK]在那里。,14,1,m
ic_mismatch,怀疑,6,女王怀疑国王因为[MASK]在那里。,14,0,m
ic_mismatch,尊重,6,国王尊重女王因为[MASK]在那里。,14,1,m
ic_mismatch,尊重,6,女王尊重国王因为[MASK]在那里。,14,0,m
ic_mismatch,暗恋,6,国王暗恋女王因为[MASK]在那里。,16,1,m
ic_mismatch,暗恋,6,女王暗恋国王因为[MASK]在那里。,16,0,m
ic_mismatch,想念,6,国王想念女王因为[MASK]在那里。,24,1,m
ic_mismatch,想念,6,女王想念国王因为[MASK]在那里。,24,0,m
ic_mismatch,悼念,6,国王悼念女王因为[MASK]在那里。,29,1,m
ic_mismatch,悼念,6,女王悼念国王因为[MASK]在那里。,29,0,m
ic_mismatch,感激,6,国王感激女王因为[MASK]在那里。,29,1,m
ic_mismatch,感激,6,女王感激国王因为[MASK]在那里。,29,0,m
ic_mismatch,怀念,6,国王怀念女王因为[MASK]在那里。,29,1,m
ic_mismatch,怀念,6,女王怀念国王因为[MASK]在那里。,29,0,m
ic_mismatch,包容,6,国王包容女王因为[MASK]在那里。,37,1,m
ic_mismatch,包容,6,女王包容国王因为[MASK]在那里。,37,0,m
ic_mismatch,羞辱,6,国王羞辱女王因为[MASK]在那里。,7,1,m
ic_mismatch,羞辱,6,女王羞辱国王因为[MASK]在那里。,7,0,m
ic_mismatch,贬低,6,国王贬低女王因为[MASK]在那里。,8,1,m
ic_mismatch,贬低,6,女王贬低国王因为[MASK]在那里。,8,0,m
ic_mismatch,侮辱,6,国王侮辱女王因为[MASK]在那里。,10,1,m
ic_mismatch,侮辱,6,女王侮辱国王因为[MASK]在那里。,10,0,m
ic_mismatch,欺负,6,国王欺负女王因为[MASK]在那里。,12,1,m
ic_mismatch,欺负,6,女王欺负国王因为[MASK]在那里。,12,0,m
ic_mismatch,赞扬,6,国王赞扬女王因为[MASK]在那里。,15,1,m
ic_mismatch,赞扬,6,女王赞扬国王因为[MASK]在那里。,15,0,m
ic_mismatch,支持,6,国王支持女王因为[MASK]在那里。,17,1,m
ic_mismatch,支持,6,女王支持国王因为[MASK]在那里。,17,0,m
ic_mismatch,嘲笑,6,国王嘲笑女王因为[MASK]在那里。,19,1,m
ic_mismatch,嘲笑,6,女王嘲笑国王因为[MASK]在那里。,19,0,m
ic_mismatch,威胁,6,国王威胁女王因为[MASK]在那里。,22,1,m
ic_mismatch,威胁,6,女王威胁国王因为[MASK]在那里。,22,0,m
ic_mismatch,骚扰,6,国王骚扰女王因为[MASK]在那里。,29,1,m
ic_mismatch,骚扰,6,女王骚扰国王因为[MASK]在那里。,29,0,m
ic_mismatch,勾引,6,国王勾引女王因为[MASK]在那里。,49,1,m
ic_mismatch,勾引,6,女王勾引国王因为[MASK]在那里。,49,0,m
ic_mismatch,辜负,6,国王辜负女王因为[MASK]在那里。,61,1,m
ic_mismatch,辜负,6,女王辜负国王因为[MASK]在那里。,61,0,m
ic_mismatch,欺骗,6,国王欺骗女王因为[MASK]在那里。,66,1,m
ic_mismatch,欺骗,6,女王欺骗国王因为[MASK]在那里。,66,0,m
ic_mismatch,说服,6,国王说服女王因为[MASK]在那里。,73,1,m
ic_mismatch,说服,6,女王说服国王因为[MASK]在那里。,73,0,m
ic_mismatch,启发,6,国王启发女王因为[MASK]在那里。,83,1,m
ic_mismatch,启发,6,女王启发国王因为[MASK]在那里。,83,0,m
ic_mismatch,羡慕,7,儿子羡慕女儿因为[MASK]在那里。,2,1,m
ic_mismatch,羡慕,7,女儿羡慕儿子因为[MASK]在那里。,2,0,m
ic_mismatch,嫉妒,7,儿子嫉妒女儿因为[MASK]在那里。,5,1,m
ic_mismatch,嫉妒,7,女儿嫉妒儿子因为[MASK]在那里。,5,0,m
ic_mismatch,可怜,7,儿子可怜女儿因为[MASK]在那里。,5,1,m
ic_mismatch,可怜,7,女儿可怜儿子因为[MASK]在那里。,5,0,m
ic_mismatch,害怕,7,儿子害怕女儿因为[MASK]在那里。,8,1,m
ic_mismatch,害怕,7,女儿害怕儿子因为[MASK]在那里。,8,0,m
ic_mismatch,同情,7,儿子同情女儿因为[MASK]在那里。,12,1,m
ic_mismatch,同情,7,女儿同情儿子因为[MASK]在那里。,12,0,m
ic_mismatch,讨厌,7,儿子讨厌女儿因为[MASK]在那里。,12,1,m
ic_mismatch,讨厌,7,女儿讨厌儿子因为[MASK]在那里。,12,0,m
ic_mismatch,担心,7,儿子担心女儿因为[MASK]在那里。,15,1,m
ic_mismatch,担心,7,女儿担心儿子因为[MASK]在那里。,15,0,m
ic_mismatch,关心,7,儿子关心女儿因为[MASK]在那里。,22,1,m
ic_mismatch,关心,7,女儿关心儿子因为[MASK]在那里。,22,0,m
ic_mismatch,刺激,7,儿子刺激女儿因为[MASK]在那里。,32,1,m
ic_mismatch,刺激,7,女儿刺激儿子因为[MASK]在那里。,32,0,m
ic_mismatch,安慰,7,儿子安慰女儿因为[MASK]在那里。,39,1,m
ic_mismatch,安慰,7,女儿安慰儿子因为[MASK]在那里。,39,0,m
ic_mismatch,安抚,7,儿子安抚女儿因为[MASK]在那里。,41,1,m
ic_mismatch,安抚,7,女儿安抚儿子因为[MASK]在那里。,41,0,m
ic_mismatch,激怒,7,儿子激怒女儿因为[MASK]在那里。,46,1,m
ic_mismatch,激怒,7,女儿激怒儿子因为[MASK]在那里。,46,0,m
ic_mismatch,鼓励,7,儿子鼓励女儿因为[MASK]在那里。,49,1,m
ic_mismatch,鼓励,7,女儿鼓励儿子因为[MASK]在那里。,49,0,m
ic_mismatch,诱惑,7,儿子诱惑女儿因为[MASK]在那里。,51,1,m
ic_mismatch,诱惑,7,女儿诱惑儿子因为[MASK]在那里。,51,0,m
ic_mismatch,触怒,7,儿子触怒女儿因为[MASK]在那里。,59,1,m
ic_mismatch,触怒,7,女儿触怒儿子因为[MASK]在那里。,59,0,m
ic_mismatch,激励,7,儿子激励女儿因为[MASK]在那里。,61,1,m
ic_mismatch,激励,7,女儿激励儿子因为[MASK]在那里。,61,0,m
ic_mismatch,困扰,7,儿子困扰女儿因为[MASK]在那里。,63,1,m
ic_mismatch,困扰,7,女儿困扰儿子因为[MASK]在那里。,63,0,m
ic_mismatch,鼓舞,7,儿子鼓舞女儿因为[MASK]在那里。,66,1,m
ic_mismatch,鼓舞,7,女儿鼓舞儿子因为[MASK]在那里。,66,0,m
ic_mismatch,吸引,7,儿子吸引女儿因为[MASK]在那里。,79,1,m
ic_mismatch,吸引,7,女儿吸引儿子因为[MASK]在那里。,79,0,m
ic_mismatch,信任,7,儿子信任女儿因为[MASK]在那里。,2,1,m
ic_mismatch,信任,7,女儿信任儿子因为[MASK]在那里。,2,0,m
ic_mismatch,尊敬,7,儿子尊敬女儿因为[MASK]在那里。,2,1,m
ic_mismatch,尊敬,7,女儿尊敬儿子因为[MASK]在那里。,2,0,m
ic_mismatch,佩服,7,儿子佩服女儿因为[MASK]在那里。,5,1,m
ic_mismatch,佩服,7,女儿佩服儿子因为[MASK]在那里。,5,0,m
ic_mismatch,憎恨,7,儿子憎恨女儿因为[MASK]在那里。,5,1,m
ic_mismatch,憎恨,7,女儿憎恨儿子因为[MASK]在那里。,5,0,m
ic_mismatch,崇拜,7,儿子崇拜女儿因为[MASK]在那里。,7,1,m
ic_mismatch,崇拜,7,女儿崇拜儿子因为[MASK]在那里。,7,0,m
ic_mismatch,心疼,7,儿子心疼女儿因为[MASK]在那里。,7,1,m
ic_mismatch,心疼,7,女儿心疼儿子因为[MASK]在那里。,7,0,m
ic_mismatch,仇视,7,儿子仇视女儿因为[MASK]在那里。,12,1,m
ic_mismatch,仇视,7,女儿仇视儿子因为[MASK]在那里。,12,0,m
ic_mismatch,敬畏,7,儿子敬畏女儿因为[MASK]在那里。,12,1,m
ic_mismatch,敬畏,7,女儿敬畏儿子因为[MASK]在那里。,12,0,m
ic_mismatch,怀疑,7,儿子怀疑女儿因为[MASK]在那里。,14,1,m
ic_mismatch,怀疑,7,女儿怀疑儿子因为[MASK]在那里。,14,0,m
ic_mismatch,尊重,7,儿子尊重女儿因为[MASK]在那里。,14,1,m
ic_mismatch,尊重,7,女儿尊重儿子因为[MASK]在那里。,14,0,m
ic_mismatch,暗恋,7,儿子暗恋女儿因为[MASK]在那里。,16,1,m
ic_mismatch,暗恋,7,女儿暗恋儿子因为[MASK]在那里。,16,0,m
ic_mismatch,想念,7,儿子想念女儿因为[MASK]在那里。,24,1,m
ic_mismatch,想念,7,女儿想念儿子因为[MASK]在那里。,24,0,m
ic_mismatch,悼念,7,儿子悼念女儿因为[MASK]在那里。,29,1,m
ic_mismatch,悼念,7,女儿悼念儿子因为[MASK]在那里。,29,0,m
ic_mismatch,感激,7,儿子感激女儿因为[MASK]在那里。,29,1,m
ic_mismatch,感激,7,女儿感激儿子因为[MASK]在那里。,29,0,m
ic_mismatch,怀念,7,儿子怀念女儿因为[MASK]在那里。,29,1,m
ic_mismatch,怀念,7,女儿怀念儿子因为[MASK]在那里。,29,0,m
ic_mismatch,包容,7,儿子包容女儿因为[MASK]在那里。,37,1,m
ic_mismatch,包容,7,女儿包容儿子因为[MASK]在那里。,37,0,m
ic_mismatch,羞辱,7,儿子羞辱女儿因为[MASK]在那里。,7,1,m
ic_mismatch,羞辱,7,女儿羞辱儿子因为[MASK]在那里。,7,0,m
ic_mismatch,贬低,7,儿子贬低女儿因为[MASK]在那里。,8,1,m
ic_mismatch,贬低,7,女儿贬低儿子因为[MASK]在那里。,8,0,m
ic_mismatch,侮辱,7,儿子侮辱女儿因为[MASK]在那里。,10,1,m
ic_mismatch,侮辱,7,女儿侮辱儿子因为[MASK]在那里。,10,0,m
ic_mismatch,欺负,7,儿子欺负女儿因为[MASK]在那里。,12,1,m
ic_mismatch,欺负,7,女儿欺负儿子因为[MASK]在那里。,12,0,m
ic_mismatch,赞扬,7,儿子赞扬女儿因为[MASK]在那里。,15,1,m
ic_mismatch,赞扬,7,女儿赞扬儿子因为[MASK]在那里。,15,0,m
ic_mismatch,支持,7,儿子支持女儿因为[MASK]在那里。,17,1,m
ic_mismatch,支持,7,女儿支持儿子因为[MASK]在那里。,17,0,m
ic_mismatch,嘲笑,7,儿子嘲笑女儿因为[MASK]在那里。,19,1,m
ic_mismatch,嘲笑,7,女儿嘲笑儿子因为[MASK]在那里。,19,0,m
ic_mismatch,威胁,7,儿子威胁女儿因为[MASK]在那里。,22,1,m
ic_mismatch,威胁,7,女儿威胁儿子因为[MASK]在那里。,22,0,m
ic_mismatch,骚扰,7,儿子骚扰女儿因为[MASK]在那里。,29,1,m
ic_mismatch,骚扰,7,女儿骚扰儿子因为[MASK]在那里。,29,0,m
ic_mismatch,勾引,7,儿子勾引女儿因为[MASK]在那里。,49,1,m
ic_mismatch,勾引,7,女儿勾引儿子因为[MASK]在那里。,49,0,m
ic_mismatch,辜负,7,儿子辜负女儿因为[MASK]在那里。,61,1,m
ic_mismatch,辜负,7,女儿辜负儿子因为[MASK]在那里。,61,0,m
ic_mismatch,欺骗,7,儿子欺骗女儿因为[MASK]在那里。,66,1,m
ic_mismatch,欺骗,7,女儿欺骗儿子因为[MASK]在那里。,66,0,m
ic_mismatch,说服,7,儿子说服女儿因为[MASK]在那里。,73,1,m
ic_mismatch,说服,7,女儿说服儿子因为[MASK]在那里。,73,0,m
ic_mismatch,启发,7,儿子启发女儿因为[MASK]在那里。,83,1,m
ic_mismatch,启发,7,女儿启发儿子因为[MASK]在那里。,83,0,m
ic_mismatch,羡慕,8,哥哥羡慕姐姐因为[MASK]在那里。,2,1,m
ic_mismatch,羡慕,8,姐姐羡慕哥哥因为[MASK]在那里。,2,0,m
ic_mismatch,嫉妒,8,哥哥嫉妒姐姐因为[MASK]在那里。,5,1,m
ic_mismatch,嫉妒,8,姐姐嫉妒哥哥因为[MASK]在那里。,5,0,m
ic_mismatch,可怜,8,哥哥可怜姐姐因为[MASK]在那里。,5,1,m
ic_mismatch,可怜,8,姐姐可怜哥哥因为[MASK]在那里。,5,0,m
ic_mismatch,害怕,8,哥哥害怕姐姐因为[MASK]在那里。,8,1,m
ic_mismatch,害怕,8,姐姐害怕哥哥因为[MASK]在那里。,8,0,m
ic_mismatch,同情,8,哥哥同情姐姐因为[MASK]在那里。,12,1,m
ic_mismatch,同情,8,姐姐同情哥哥因为[MASK]在那里。,12,0,m
ic_mismatch,讨厌,8,哥哥讨厌姐姐因为[MASK]在那里。,12,1,m
ic_mismatch,讨厌,8,姐姐讨厌哥哥因为[MASK]在那里。,12,0,m
ic_mismatch,担心,8,哥哥担心姐姐因为[MASK]在那里。,15,1,m
ic_mismatch,担心,8,姐姐担心哥哥因为[MASK]在那里。,15,0,m
ic_mismatch,关心,8,哥哥关心姐姐因为[MASK]在那里。,22,1,m
ic_mismatch,关心,8,姐姐关心哥哥因为[MASK]在那里。,22,0,m
ic_mismatch,刺激,8,哥哥刺激姐姐因为[MASK]在那里。,32,1,m
ic_mismatch,刺激,8,姐姐刺激哥哥因为[MASK]在那里。,32,0,m
ic_mismatch,安慰,8,哥哥安慰姐姐因为[MASK]在那里。,39,1,m
ic_mismatch,安慰,8,姐姐安慰哥哥因为[MASK]在那里。,39,0,m
ic_mismatch,安抚,8,哥哥安抚姐姐因为[MASK]在那里。,41,1,m
ic_mismatch,安抚,8,姐姐安抚哥哥因为[MASK]在那里。,41,0,m
ic_mismatch,激怒,8,哥哥激怒姐姐因为[MASK]在那里。,46,1,m
ic_mismatch,激怒,8,姐姐激怒哥哥因为[MASK]在那里。,46,0,m
ic_mismatch,鼓励,8,哥哥鼓励姐姐因为[MASK]在那里。,49,1,m
ic_mismatch,鼓励,8,姐姐鼓励哥哥因为[MASK]在那里。,49,0,m
ic_mismatch,诱惑,8,哥哥诱惑姐姐因为[MASK]在那里。,51,1,m
ic_mismatch,诱惑,8,姐姐诱惑哥哥因为[MASK]在那里。,51,0,m
ic_mismatch,触怒,8,哥哥触怒姐姐因为[MASK]在那里。,59,1,m
ic_mismatch,触怒,8,姐姐触怒哥哥因为[MASK]在那里。,59,0,m
ic_mismatch,激励,8,哥哥激励姐姐因为[MASK]在那里。,61,1,m
ic_mismatch,激励,8,姐姐激励哥哥因为[MASK]在那里。,61,0,m
ic_mismatch,困扰,8,哥哥困扰姐姐因为[MASK]在那里。,63,1,m
ic_mismatch,困扰,8,姐姐困扰哥哥因为[MASK]在那里。,63,0,m
ic_mismatch,鼓舞,8,哥哥鼓舞姐姐因为[MASK]在那里。,66,1,m
ic_mismatch,鼓舞,8,姐姐鼓舞哥哥因为[MASK]在那里。,66,0,m
ic_mismatch,吸引,8,哥哥吸引姐姐因为[MASK]在那里。,79,1,m
ic_mismatch,吸引,8,姐姐吸引哥哥因为[MASK]在那里。,79,0,m
ic_mismatch,信任,8,哥哥信任姐姐因为[MASK]在那里。,2,1,m
ic_mismatch,信任,8,姐姐信任哥哥因为[MASK]在那里。,2,0,m
ic_mismatch,尊敬,8,哥哥尊敬姐姐因为[MASK]在那里。,2,1,m
ic_mismatch,尊敬,8,姐姐尊敬哥哥因为[MASK]在那里。,2,0,m
ic_mismatch,佩服,8,哥哥佩服姐姐因为[MASK]在那里。,5,1,m
ic_mismatch,佩服,8,姐姐佩服哥哥因为[MASK]在那里。,5,0,m
ic_mismatch,憎恨,8,哥哥憎恨姐姐因为[MASK]在那里。,5,1,m
ic_mismatch,憎恨,8,姐姐憎恨哥哥因为[MASK]在那里。,5,0,m
ic_mismatch,崇拜,8,哥哥崇拜姐姐因为[MASK]在那里。,7,1,m
ic_mismatch,崇拜,8,姐姐崇拜哥哥因为[MASK]在那里。,7,0,m
ic_mismatch,心疼,8,哥哥心疼姐姐因为[MASK]在那里。,7,1,m
ic_mismatch,心疼,8,姐姐心疼哥哥因为[MASK]在那里。,7,0,m
ic_mismatch,仇视,8,哥哥仇视姐姐因为[MASK]在那里。,12,1,m
ic_mismatch,仇视,8,姐姐仇视哥哥因为[MASK]在那里。,12,0,m
ic_mismatch,敬畏,8,哥哥敬畏姐姐因为[MASK]在那里。,12,1,m
ic_mismatch,敬畏,8,姐姐敬畏哥哥因为[MASK]在那里。,12,0,m
ic_mismatch,怀疑,8,哥哥怀疑姐姐因为[MASK]在那里。,14,1,m
ic_mismatch,怀疑,8,姐姐怀疑哥哥因为[MASK]在那里。,14,0,m
ic_mismatch,尊重,8,哥哥尊重姐姐因为[MASK]在那里。,14,1,m
ic_mismatch,尊重,8,姐姐尊重哥哥因为[MASK]在那里。,14,0,m
ic_mismatch,暗恋,8,哥哥暗恋姐姐因为[MASK]在那里。,16,1,m
ic_mismatch,暗恋,8,姐姐暗恋哥哥因为[MASK]在那里。,16,0,m
ic_mismatch,想念,8,哥哥想念姐姐因为[MASK]在那里。,24,1,m
ic_mismatch,想念,8,姐姐想念哥哥因为[MASK]在那里。,24,0,m
ic_mismatch,悼念,8,哥哥悼念姐姐因为[MASK]在那里。,29,1,m
ic_mismatch,悼念,8,姐姐悼念哥哥因为[MASK]在那里。,29,0,m
ic_mismatch,感激,8,哥哥感激姐姐因为[MASK]在那里。,29,1,m
ic_mismatch,感激,8,姐姐感激哥哥因为[MASK]在那里。,29,0,m
ic_mismatch,怀念,8,哥哥怀念姐姐因为[MASK]在那里。,29,1,m
ic_mismatch,怀念,8,姐姐怀念哥哥因为[MASK]在那里。,29,0,m
ic_mismatch,包容,8,哥哥包容姐姐因为[MASK]在那里。,37,1,m
ic_mismatch,包容,8,姐姐包容哥哥因为[MASK]在那里。,37,0,m
ic_mismatch,羞辱,8,哥哥羞辱姐姐因为[MASK]在那里。,7,1,m
ic_mismatch,羞辱,8,姐姐羞辱哥哥因为[MASK]在那里。,7,0,m
ic_mismatch,贬低,8,哥哥贬低姐姐因为[MASK]在那里。,8,1,m
ic_mismatch,贬低,8,姐姐贬低哥哥因为[MASK]在那里。,8,0,m
ic_mismatch,侮辱,8,哥哥侮辱姐姐因为[MASK]在那里。,10,1,m
ic_mismatch,侮辱,8,姐姐侮辱哥哥因为[MASK]在那里。,10,0,m
ic_mismatch,欺负,8,哥哥欺负姐姐因为[MASK]在那里。,12,1,m
ic_mismatch,欺负,8,姐姐欺负哥哥因为[MASK]在那里。,12,0,m
ic_mismatch,赞扬,8,哥哥赞扬姐姐因为[MASK]在那里。,15,1,m
ic_mismatch,赞扬,8,姐姐赞扬哥哥因为[MASK]在那里。,15,0,m
ic_mismatch,支持,8,哥哥支持姐姐因为[MASK]在那里。,17,1,m
ic_mismatch,支持,8,姐姐支持哥哥因为[MASK]在那里。,17,0,m
ic_mismatch,嘲笑,8,哥哥嘲笑姐姐因为[MASK]在那里。,19,1,m
ic_mismatch,嘲笑,8,姐姐嘲笑哥哥因为[MASK]在那里。,19,0,m
ic_mismatch,威胁,8,哥哥威胁姐姐因为[MASK]在那里。,22,1,m
ic_mismatch,威胁,8,姐姐威胁哥哥因为[MASK]在那里。,22,0,m
ic_mismatch,骚扰,8,哥哥骚扰姐姐因为[MASK]在那里。,29,1,m
ic_mismatch,骚扰,8,姐姐骚扰哥哥因为[MASK]在那里。,29,0,m
ic_mismatch,勾引,8,哥哥勾引姐姐因为[MASK]在那里。,49,1,m
ic_mismatch,勾引,8,姐姐勾引哥哥因为[MASK]在那里。,49,0,m
ic_mismatch,辜负,8,哥哥辜负姐姐因为[MASK]在那里。,61,1,m
ic_mismatch,辜负,8,姐姐辜负哥哥因为[MASK]在那里。,61,0,m
ic_mismatch,欺骗,8,哥哥欺骗姐姐因为[MASK]在那里。,66,1,m
ic_mismatch,欺骗,8,姐姐欺骗哥哥因为[MASK]在那里。,66,0,m
ic_mismatch,说服,8,哥哥说服姐姐因为[MASK]在那里。,73,1,m
ic_mismatch,说服,8,姐姐说服哥哥因为[MASK]在那里。,73,0,m
ic_mismatch,启发,8,哥哥启发姐姐因为[MASK]在那里。,83,1,m
ic_mismatch,启发,8,姐姐启发哥哥因为[MASK]在那里。,83,0,m
ic_mismatch,羡慕,9,弟弟羡慕妹妹因为[MASK]在那里。,2,1,m
ic_mismatch,羡慕,9,妹妹羡慕弟弟因为[MASK]在那里。,2,0,m
ic_mismatch,嫉妒,9,弟弟嫉妒妹妹因为[MASK]在那里。,5,1,m
ic_mismatch,嫉妒,9,妹妹嫉妒弟弟因为[MASK]在那里。,5,0,m
ic_mismatch,可怜,9,弟弟可怜妹妹因为[MASK]在那里。,5,1,m
ic_mismatch,可怜,9,妹妹可怜弟弟因为[MASK]在那里。,5,0,m
ic_mismatch,害怕,9,弟弟害怕妹妹因为[MASK]在那里。,8,1,m
ic_mismatch,害怕,9,妹妹害怕弟弟因为[MASK]在那里。,8,0,m
ic_mismatch,同情,9,弟弟同情妹妹因为[MASK]在那里。,12,1,m
ic_mismatch,同情,9,妹妹同情弟弟因为[MASK]在那里。,12,0,m
ic_mismatch,讨厌,9,弟弟讨厌妹妹因为[MASK]在那里。,12,1,m
ic_mismatch,讨厌,9,妹妹讨厌弟弟因为[MASK]在那里。,12,0,m
ic_mismatch,担心,9,弟弟担心妹妹因为[MASK]在那里。,15,1,m
ic_mismatch,担心,9,妹妹担心弟弟因为[MASK]在那里。,15,0,m
ic_mismatch,关心,9,弟弟关心妹妹因为[MASK]在那里。,22,1,m
ic_mismatch,关心,9,妹妹关心弟弟因为[MASK]在那里。,22,0,m
ic_mismatch,刺激,9,弟弟刺激妹妹因为[MASK]在那里。,32,1,m
ic_mismatch,刺激,9,妹妹刺激弟弟因为[MASK]在那里。,32,0,m
ic_mismatch,安慰,9,弟弟安慰妹妹因为[MASK]在那里。,39,1,m
ic_mismatch,安慰,9,妹妹安慰弟弟因为[MASK]在那里。,39,0,m
ic_mismatch,安抚,9,弟弟安抚妹妹因为[MASK]在那里。,41,1,m
ic_mismatch,安抚,9,妹妹安抚弟弟因为[MASK]在那里。,41,0,m
ic_mismatch,激怒,9,弟弟激怒妹妹因为[MASK]在那里。,46,1,m
ic_mismatch,激怒,9,妹妹激怒弟弟因为[MASK]在那里。,46,0,m
ic_mismatch,鼓励,9,弟弟鼓励妹妹因为[MASK]在那里。,49,1,m
ic_mismatch,鼓励,9,妹妹鼓励弟弟因为[MASK]在那里。,49,0,m
ic_mismatch,诱惑,9,弟弟诱惑妹妹因为[MASK]在那里。,51,1,m
ic_mismatch,诱惑,9,妹妹诱惑弟弟因为[MASK]在那里。,51,0,m
ic_mismatch,触怒,9,弟弟触怒妹妹因为[MASK]在那里。,59,1,m
ic_mismatch,触怒,9,妹妹触怒弟弟因为[MASK]在那里。,59,0,m
ic_mismatch,激励,9,弟弟激励妹妹因为[MASK]在那里。,61,1,m
ic_mismatch,激励,9,妹妹激励弟弟因为[MASK]在那里。,61,0,m
ic_mismatch,困扰,9,弟弟困扰妹妹因为[MASK]在那里。,63,1,m
ic_mismatch,困扰,9,妹妹困扰弟弟因为[MASK]在那里。,63,0,m
ic_mismatch,鼓舞,9,弟弟鼓舞妹妹因为[MASK]在那里。,66,1,m
ic_mismatch,鼓舞,9,妹妹鼓舞弟弟因为[MASK]在那里。,66,0,m
ic_mismatch,吸引,9,弟弟吸引妹妹因为[MASK]在那里。,79,1,m
ic_mismatch,吸引,9,妹妹吸引弟弟因为[MASK]在那里。,79,0,m
ic_mismatch,信任,9,弟弟信任妹妹因为[MASK]在那里。,2,1,m
ic_mismatch,信任,9,妹妹信任弟弟因为[MASK]在那里。,2,0,m
ic_mismatch,尊敬,9,弟弟尊敬妹妹因为[MASK]在那里。,2,1,m
ic_mismatch,尊敬,9,妹妹尊敬弟弟因为[MASK]在那里。,2,0,m
ic_mismatch,佩服,9,弟弟佩服妹妹因为[MASK]在那里。,5,1,m
ic_mismatch,佩服,9,妹妹佩服弟弟因为[MASK]在那里。,5,0,m
ic_mismatch,憎恨,9,弟弟憎恨妹妹因为[MASK]在那里。,5,1,m
ic_mismatch,憎恨,9,妹妹憎恨弟弟因为[MASK]在那里。,5,0,m
ic_mismatch,崇拜,9,弟弟崇拜妹妹因为[MASK]在那里。,7,1,m
ic_mismatch,崇拜,9,妹妹崇拜弟弟因为[MASK]在那里。,7,0,m
ic_mismatch,心疼,9,弟弟心疼妹妹因为[MASK]在那里。,7,1,m
ic_mismatch,心疼,9,妹妹心疼弟弟因为[MASK]在那里。,7,0,m
ic_mismatch,仇视,9,弟弟仇视妹妹因为[MASK]在那里。,12,1,m
ic_mismatch,仇视,9,妹妹仇视弟弟因为[MASK]在那里。,12,0,m
ic_mismatch,敬畏,9,弟弟敬畏妹妹因为[MASK]在那里。,12,1,m
ic_mismatch,敬畏,9,妹妹敬畏弟弟因为[MASK]在那里。,12,0,m
ic_mismatch,怀疑,9,弟弟怀疑妹妹因为[MASK]在那里。,14,1,m
ic_mismatch,怀疑,9,妹妹怀疑弟弟因为[MASK]在那里。,14,0,m
ic_mismatch,尊重,9,弟弟尊重妹妹因为[MASK]在那里。,14,1,m
ic_mismatch,尊重,9,妹妹尊重弟弟因为[MASK]在那里。,14,0,m
ic_mismatch,暗恋,9,弟弟暗恋妹妹因为[MASK]在那里。,16,1,m
ic_mismatch,暗恋,9,妹妹暗恋弟弟因为[MASK]在那里。,16,0,m
ic_mismatch,想念,9,弟弟想念妹妹因为[MASK]在那里。,24,1,m
ic_mismatch,想念,9,妹妹想念弟弟因为[MASK]在那里。,24,0,m
ic_mismatch,悼念,9,弟弟悼念妹妹因为[MASK]在那里。,29,1,m
ic_mismatch,悼念,9,妹妹悼念弟弟因为[MASK]在那里。,29,0,m
ic_mismatch,感激,9,弟弟感激妹妹因为[MASK]在那里。,29,1,m
ic_mismatch,感激,9,妹妹感激弟弟因为[MASK]在那里。,29,0,m
ic_mismatch,怀念,9,弟弟怀念妹妹因为[MASK]在那里。,29,1,m
ic_mismatch,怀念,9,妹妹怀念弟弟因为[MASK]在那里。,29,0,m
ic_mismatch,包容,9,弟弟包容妹妹因为[MASK]在那里。,37,1,m
ic_mismatch,包容,9,妹妹包容弟弟因为[MASK]在那里。,37,0,m
ic_mismatch,羞辱,9,弟弟羞辱妹妹因为[MASK]在那里。,7,1,m
ic_mismatch,羞辱,9,妹妹羞辱弟弟因为[MASK]在那里。,7,0,m
ic_mismatch,贬低,9,弟弟贬低妹妹因为[MASK]在那里。,8,1,m
ic_mismatch,贬低,9,妹妹贬低弟弟因为[MASK]在那里。,8,0,m
ic_mismatch,侮辱,9,弟弟侮辱妹妹因为[MASK]在那里。,10,1,m
ic_mismatch,侮辱,9,妹妹侮辱弟弟因为[MASK]在那里。,10,0,m
ic_mismatch,欺负,9,弟弟欺负妹妹因为[MASK]在那里。,12,1,m
ic_mismatch,欺负,9,妹妹欺负弟弟因为[MASK]在那里。,12,0,m
ic_mismatch,赞扬,9,弟弟赞扬妹妹因为[MASK]在那里。,15,1,m
ic_mismatch,赞扬,9,妹妹赞扬弟弟因为[MASK]在那里。,15,0,m
ic_mismatch,支持,9,弟弟支持妹妹因为[MASK]在那里。,17,1,m
ic_mismatch,支持,9,妹妹支持弟弟因为[MASK]在那里。,17,0,m
ic_mismatch,嘲笑,9,弟弟嘲笑妹妹因为[MASK]在那里。,19,1,m
ic_mismatch,嘲笑,9,妹妹嘲笑弟弟因为[MASK]在那里。,19,0,m
ic_mismatch,威胁,9,弟弟威胁妹妹因为[MASK]在那里。,22,1,m
ic_mismatch,威胁,9,妹妹威胁弟弟因为[MASK]在那里。,22,0,m
ic_mismatch,骚扰,9,弟弟骚扰妹妹因为[MASK]在那里。,29,1,m
ic_mismatch,骚扰,9,妹妹骚扰弟弟因为[MASK]在那里。,29,0,m
ic_mismatch,勾引,9,弟弟勾引妹妹因为[MASK]在那里。,49,1,m
ic_mismatch,勾引,9,妹妹勾引弟弟因为[MASK]在那里。,49,0,m
ic_mismatch,辜负,9,弟弟辜负妹妹因为[MASK]在那里。,61,1,m
ic_mismatch,辜负,9,妹妹辜负弟弟因为[MASK]在那里。,61,0,m
ic_mismatch,欺骗,9,弟弟欺骗妹妹因为[MASK]在那里。,66,1,m
ic_mismatch,欺骗,9,妹妹欺骗弟弟因为[MASK]在那里。,66,0,m
ic_mismatch,说服,9,弟弟说服妹妹因为[MASK]在那里。,73,1,m
ic_mismatch,说服,9,妹妹说服弟弟因为[MASK]在那里。,73,0,m
ic_mismatch,启发,9,弟弟启发妹妹因为[MASK]在那里。,83,1,m
ic_mismatch,启发,9,妹妹启发弟弟因为[MASK]在那里。,83,0,m